<?xml version="1.0" encoding="UTF-8"?>
<project-private xmlns="http://www.netbeans.org/ns/project-private/1">
    <editor-bookmarks xmlns="http://www.netbeans.org/ns/editor-bookmarks/2" lastBookmarkId="0"/>
    <open-files xmlns="http://www.netbeans.org/ns/projectui-open-files/2">
        <group>
            <file>file:/C:/Users/Ravi%20Shekhar/Documents/NetBeansProjects/bank/src/bank/CC.java</file>
            <file>file:/C:/Users/Ravi%20Shekhar/Documents/NetBeansProjects/bank/src/bank/displayc.java</file>
            <file>file:/C:/Users/Ravi%20Shekhar/Documents/NetBeansProjects/bank/src/bank/PW.java</file>
            <file>file:/C:/Users/Ravi%20Shekhar/Documents/NetBeansProjects/bank/src/bank/front.java</file>
            <file>file:/C:/Users/Ravi%20Shekhar/Documents/NetBeansProjects/bank/src/bank/LOGIN.java</file>
            <file>file:/C:/Users/Ravi%20Shekhar/Documents/NetBeansProjects/bank/src/bank/Bank.java</file>
            <file>file:/C:/Users/Ravi%20Shekhar/Documents/NetBeansProjects/bank/src/bank/manager.java</file>
        </group>
    </open-files>
</project-private>
